#Seq[1],,,,
pos,base,current,sd,dwell
0,A,0.033409,0.27821,0.600828
1,A,-0.046543,0.224176,1.383276
2,A,-0.213536,0.141173,4.073371
3,A,-0.218972,0.087941,7.673208
4,A,-0.155511,0.084246,6.343908
5,A,-0.169461,0.083201,8.577118
6,A,-0.140364,0.08728,9.282395
7,A,-0.114734,0.091662,8.282065
8,A,-0.145484,0.084811,7.786933
9,A,-0.146579,0.082123,8.181383
10,A,-0.098138,0.086531,8.501646
11,A,-0.239263,0.105908,8.846136
12,A,-0.884771,0.106917,7.019745
13,A,-0.938288,0.146234,7.234321
14,T,2.070167,0.238811,5.974926
15,C,0.716516,0.163048,7.784793
16,G,-0.968366,0.149909,8.077007
17,G,-2.046351,0.200154,7.083901
18,T,0.554653,0.114732,7.726968
19,T,0.718233,0.11937,7.577669
20,G,-0.615275,0.157609,7.355852
21,A,-1.504173,0.127524,7.848564
22,A,-0.581008,0.107927,7.092285
23,C,0.158578,0.119713,7.089685
24,T,1.629082,0.146118,8.097697
25,C,0.887397,0.114649,7.352326
26,A,0.076065,0.111651,7.793865
27,A,-0.257041,0.088123,7.623039
28,A,-0.309874,0.088811,7.634032
29,A,-0.232354,0.086737,7.628848
30,A,-0.194247,0.089847,7.134576
31,A,-0.191886,0.090894,7.498334
32,A,-0.151147,0.093994,7.341174
33,A,-0.129317,0.096555,7.270308
34,A,-0.132856,0.098068,7.467261
35,A,-0.143218,0.102016,7.619411
36,A,-0.132328,0.123193,10.698131
37,A,-0.250382,0.162061,13.234068
38,A,-0.593594,0.272494,14.34271
39,A,0.278543,0.594731,12.43188
#Seq[2],,,,
pos,base,current,sd,dwell
0,A,0.034086,0.278055,0.595417
1,A,-0.045153,0.224495,1.368883
2,A,-0.212619,0.141861,4.028268
3,A,-0.226881,0.089087,7.14432
4,A,-0.165154,0.087474,5.161956
5,A,-0.174695,0.088171,6.530282
6,A,-0.153785,0.089847,6.820176
7,A,-0.129855,0.097598,5.951227
8,A,-0.178411,0.086441,7.195875
9,A,-0.114244,0.088534,6.421314
10,A,-0.092587,0.087248,8.222266
11,A,-0.189153,0.105289,8.262776
12,A,-0.80613,0.101629,8.668683
13,A,-0.849787,0.155302,7.154926
14,T,2.059097,0.228524,9.608372
15,C,0.616621,0.136268,6.630355
16,A,0.106472,0.08457,8.856324
17,C,0.49046,0.104224,7.307291
18,A,0.120414,0.091742,8.096851
19,C,0.885772,0.099261,8.248235
20,C,0.252218,0.096128,8.693295
21,G,-0.379787,0.103605,9.017077
22,C,0.306611,0.11428,7.601226
23,T,0.958822,0.185324,8.132077
24,G,-0.466499,0.137805,8.182275
25,T,0.984528,0.169567,8.035931
26,A,-0.054942,0.109586,7.677588
27,A,-0.204201,0.086879,7.664364
28,A,-0.340553,0.086105,7.497673
29,A,-0.25101,0.082979,7.765316
30,A,-0.200664,0.085945,7.323634
31,A,-0.19884,0.092013,7.38579
32,A,-0.166486,0.093902,7.133664
33,A,-0.147271,0.096991,7.247663
34,A,-0.156719,0.098795,7.428473
35,A,-0.157687,0.103622,7.579407
36,A,-0.138122,0.125449,10.739001
37,A,-0.249555,0.164992,13.138183
38,A,-0.583259,0.277615,13.926754
39,A,0.287224,0.604732,11.982246
#Seq[3],,,,
pos,base,current,sd,dwell
0,A,0.033678,0.277707,0.607876
1,A,-0.049827,0.228685,1.259201
2,A,-0.212951,0.138486,4.330836
3,A,-0.218794,0.091182,6.588269
4,A,-0.162886,0.082627,7.254898
5,A,-0.162899,0.086184,7.100565
6,A,-0.145305,0.086583,9.010521
7,A,-0.116031,0.090369,8.360673
8,A,-0.168201,0.087747,7.036888
9,A,-0.090391,0.083788,7.491683
10,A,-0.100159,0.091008,6.833716
11,A,-0.267621,0.099029,7.69718
12,A,-0.732049,0.117443,6.96741
13,A,-0.342645,0.115917,5.903241
14,C,0.702649,0.109876,6.861382
15,T,1.017776,0.167423,6.416255
16,G,-0.367877,0.184014,7.526112
17,A,-1.150866,0.117968,8.100779
18,G,-0.606546,0.114437,7.264706
19,C,0.362281,0.113752,7.156212
20,T,0.823337,0.139172,7.570973
21,A,0.073472,0.086797,8.863044
22,C,0.856377,0.097364,9.181214
23,C,0.519154,0.083786,8.531907
24,C,0.523663,0.100908,7.88346
25,T,1.448021,0.171898,8.198183
26,A,0.248705,0.119886,7.958082
27,A,-0.114701,0.090898,8.139219
28,A,-0.301591,0.089788,8.003533
29,A,-0.245819,0.088552,7.510628
30,A,-0.212231,0.090331,7.302263
31,A,-0.203792,0.091951,7.535009
32,A,-0.163027,0.093551,7.291025
33,A,-0.130766,0.097291,7.21888
34,A,-0.13922,0.097711,7.373452
35,A,-0.147489,0.102221,7.61972
36,A,-0.141041,0.122738,10.721367
37,A,-0.254592,0.161252,13.268303
38,A,-0.598787,0.270066,14.396911
39,A,0.271884,0.592352,12.426753
#Seq[4],,,,
pos,base,current,sd,dwell
0,A,0.036384,0.278168,0.609482
1,A,-0.048871,0.229528,1.258179
2,A,-0.212752,0.139133,4.246893
3,A,-0.224407,0.0925,6.251707
4,A,-0.158692,0.082914,6.864333
5,A,-0.153695,0.087058,7.351359
6,A,-0.144041,0.083916,10.381787
7,A,-0.106865,0.093103,8.037914
8,A,-0.166036,0.086936,8.693134
9,A,-0.071232,0.085365,7.337656
10,A,-0.093776,0.08744,8.763045
11,A,-0.252589,0.097878,9.432243
12,A,-0.730085,0.112987,8.25638
13,A,-0.310476,0.105528,7.833392
14,C,0.764744,0.110928,7.893326
15,T,1.137602,0.175709,6.791523
16,A,-0.090654,0.152043,9.302882
17,G,-1.31005,0.111195,8.857087
18,G,-1.701407,0.176962,8.440812
19,T,1.43679,0.213081,7.196341
20,C,-0.031012,0.139365,8.02797
21,G,-1.242769,0.15911,8.904333
22,T,1.625608,0.21798,6.7545
23,C,0.168989,0.139568,8.060336
24,G,-0.816189,0.128391,7.938989
25,T,1.049263,0.198276,7.319196
26,A,-0.021321,0.109283,7.541304
27,A,-0.204157,0.087574,7.410347
28,A,-0.341413,0.087453,7.182682
29,A,-0.258397,0.084983,7.674759
30,A,-0.201209,0.086359,7.313643
31,A,-0.193768,0.093722,7.412423
32,A,-0.158742,0.095695,7.152024
33,A,-0.137182,0.098255,7.170459
34,A,-0.140536,0.100558,7.346225
35,A,-0.145137,0.105003,7.531459
36,A,-0.128866,0.126599,10.711382
37,A,-0.242542,0.165912,13.122817
38,A,-0.580495,0.278203,13.927514
39,A,0.289465,0.606275,11.968593
#Seq[5],,,,
pos,base,current,sd,dwell
0,A,0.032994,0.277824,0.601432
1,A,-0.046838,0.224284,1.370176
2,A,-0.216489,0.13697,4.545765
3,A,-0.231081,0.087577,8.005367
4,A,-0.17663,0.083848,6.463865
5,A,-0.161218,0.087388,6.512823
6,A,-0.166576,0.090409,6.097491
7,A,-0.146526,0.092245,6.297513
8,A,-0.117674,0.091561,7.134242
9,A,-0.1281,0.096401,6.022527
10,A,-0.062936,0.083638,8.909
11,A,-0.111642,0.09346,8.569414
12,A,-0.362098,0.087725,11.226374
13,A,-0.579784,0.097294,10.260521
14,G,-0.562905,0.115962,8.333584
15,C,0.0875,0.136962,7.951749
16,T,1.495731,0.14875,8.637924
17,C,0.531744,0.09594,7.948626
18,C,0.325739,0.098354,7.907448
19,T,1.109587,0.19677,7.687852
20,A,-0.024434,0.112489,8.311132
21,T,1.212004,0.190888,8.97103
22,A,-0.06942,0.137925,8.59539
23,G,-0.722304,0.095974,8.811207
24,G,-1.13318,0.106427,8.369061
25,G,-1.378546,0.105704,7.278365
26,A,-0.938873,0.099035,7.12739
27,A,-0.377898,0.088124,7.280622
28,A,-0.239447,0.086346,7.523395
29,A,-0.181699,0.084933,7.66563
30,A,-0.144017,0.08547,7.23068
31,A,-0.138695,0.086734,7.305915
32,A,-0.131058,0.091111,7.043925
33,A,-0.130753,0.095904,7.185003
34,A,-0.152325,0.098766,7.400428
35,A,-0.159545,0.10562,7.724417
36,A,-0.134364,0.128754,10.923119
37,A,-0.248559,0.170099,13.218764
38,A,-0.576992,0.285593,13.749221
39,A,0.301886,0.61636,11.562091
#Seq[6],,,,
pos,base,current,sd,dwell
0,A,0.035119,0.278887,0.60028
1,A,-0.049272,0.229788,1.241238
2,A,-0.219876,0.140765,3.93293
3,A,-0.223167,0.089789,6.573305
4,A,-0.160548,0.085933,6.509563
5,A,-0.169046,0.084039,8.238168
6,A,-0.118521,0.092708,6.804105
7,A,-0.143643,0.091272,7.111968
8,A,-0.143707,0.089377,7.523083
9,A,-0.090341,0.089083,8.214481
10,A,-0.063911,0.088703,8.293456
11,A,-0.2559,0.101864,7.952743
12,A,-0.702026,0.103752,8.756462
13,A,-0.04416,0.114955,7.971241
14,C,0.692973,0.161947,8.367448
15,A,-0.984316,0.142237,7.983842
16,T,0.296499,0.140584,7.514174
17,T,0.394184,0.093181,8.33393
18,T,1.293498,0.129561,8.299234
19,C,0.607509,0.109755,9.01351
20,G,-0.807914,0.141009,7.663542
21,G,-2.09761,0.161082,5.874558
22,A,-0.931203,0.160803,6.812941
23,C,0.928115,0.123146,7.253025
24,C,0.462269,0.104022,7.872221
25,G,-0.444733,0.132862,7.021122
26,A,-0.736301,0.10077,7.429071
27,A,-0.421781,0.083341,7.474128
28,A,-0.268341,0.085784,7.914498
29,A,-0.245576,0.084799,7.907485
30,A,-0.222675,0.08359,7.430184
31,A,-0.206803,0.090059,7.472059
32,A,-0.164278,0.093493,7.226662
33,A,-0.133223,0.098421,7.323551
34,A,-0.145296,0.100108,7.438616
35,A,-0.150369,0.106372,7.615497
36,A,-0.127036,0.1279,10.674767
37,A,-0.238475,0.16784,13.146319
38,A,-0.57524,0.281253,13.996433
39,A,0.297902,0.608744,11.898301
#Seq[7],,,,
pos,base,current,sd,dwell
0,A,0.033967,0.277165,0.602632
1,A,-0.045645,0.225389,1.347011
2,A,-0.207981,0.13474,5.01689
3,A,-0.228169,0.089784,7.389509
4,A,-0.171623,0.080071,7.786846
5,A,-0.15447,0.090405,5.575521
6,A,-0.168959,0.085022,7.87153
7,A,-0.142391,0.093324,6.520818
8,A,-0.147801,0.089512,7.736482
9,A,-0.097931,0.092332,6.09564
10,A,-0.12388,0.09398,6.515615
11,A,-0.10768,0.086604,9.123321
12,A,-0.301897,0.113239,6.979921
13,A,-0.919939,0.097618,9.079366
14,G,-1.444767,0.174942,8.131702
15,T,1.77647,0.232403,8.52919
16,C,0.396544,0.119207,7.918605
17,T,0.924783,0.177526,8.815092
18,A,-0.396583,0.132513,7.902112
19,T,1.939768,0.191346,8.303365
20,C,0.271429,0.144009,8.143382
21,A,-0.711781,0.151299,8.993507
22,T,1.757685,0.200481,8.549847
23,C,0.70457,0.123305,8.746211
24,G,-0.536744,0.126655,7.582686
25,G,-1.278952,0.129364,5.972691
26,A,-1.074123,0.104986,6.073435
27,A,-0.447776,0.087553,6.794332
28,A,-0.263954,0.086409,7.457273
29,A,-0.237827,0.081583,7.904383
30,A,-0.186955,0.083738,7.397748
31,A,-0.169154,0.085575,7.4943
32,A,-0.147443,0.090179,7.173788
33,A,-0.140182,0.095128,7.232187
34,A,-0.158957,0.097649,7.437099
35,A,-0.168284,0.103765,7.642254
36,A,-0.145559,0.126267,10.834023
37,A,-0.257594,0.16701,13.293796
38,A,-0.586813,0.280204,13.986833
39,A,0.291681,0.606792,11.827841
#Seq[8],,,,
pos,base,current,sd,dwell
0,A,0.032625,0.278483,0.603423
1,A,-0.051108,0.228473,1.277942
2,A,-0.220697,0.141103,3.898973
3,A,-0.225131,0.090532,6.624131
4,A,-0.161555,0.086521,5.846997
5,A,-0.161854,0.085195,8.008632
6,A,-0.128694,0.092005,7.505347
7,A,-0.119923,0.088982,9.02474
8,A,-0.125998,0.091727,7.580922
9,A,-0.10339,0.087846,8.045791
10,A,-0.056859,0.084916,9.163125
11,A,-0.281079,0.103427,6.93377
12,A,-0.812991,0.108415,8.552801
13,A,-0.282923,0.113762,7.737936
14,C,0.959176,0.122984,7.606903
15,C,0.165751,0.111281,8.009218
16,T,1.110215,0.227096,6.977575
17,G,-0.443798,0.141222,7.976323
18,T,0.856336,0.181689,8.009516
19,G,-1.277163,0.146335,8.393216
20,A,-1.391045,0.170065,8.835835
21,T,1.774584,0.245326,8.869349
22,C,-0.307258,0.134398,8.422887
23,T,0.74229,0.102975,8.690917
24,T,0.707659,0.118082,7.843947
25,G,-0.421693,0.134825,6.869674
26,A,-0.819417,0.101721,6.52057
27,A,-0.435544,0.094722,6.356771
28,A,-0.27887,0.090082,7.221809
29,A,-0.249198,0.086049,7.712697
30,A,-0.213599,0.085888,7.361864
31,A,-0.18371,0.089312,7.58212
32,A,-0.148516,0.092254,7.100973
33,A,-0.125351,0.095799,7.169418
34,A,-0.150536,0.096344,7.392009
35,A,-0.160612,0.102099,7.596776
36,A,-0.140362,0.123893,10.662106
37,A,-0.256041,0.163462,13.227642
38,A,-0.59442,0.275175,14.22306
39,A,0.281587,0.599017,12.131776
#Seq[9],,,,
pos,base,current,sd,dwell
0,A,0.035057,0.277814,0.609526
1,A,-0.042414,0.224466,1.392111
2,A,-0.202324,0.135378,5.032413
3,A,-0.215115,0.08574,9.276074
4,A,-0.173612,0.079017,8.899008
5,A,-0.162093,0.082035,8.896276
6,A,-0.161915,0.085925,8.443012
7,A,-0.15427,0.082669,8.780792
8,A,-0.150461,0.087031,7.410683
9,A,-0.13695,0.083868,9.052753
10,A,-0.101434,0.089384,8.728024
11,A,-0.187602,0.088424,9.758843
12,A,-0.302965,0.088706,8.902643
13,A,-0.39267,0.092695,7.159746
14,G,-0.667359,0.096918,6.478975
15,G,-1.183662,0.117727,7.209589
16,G,-1.88852,0.11739,7.870158
17,A,-1.144493,0.1508,7.644517
18,T,0.959122,0.210533,9.468224
19,A,0.155136,0.090212,8.196432
20,C,0.680132,0.128118,8.171652
21,G,-1.001786,0.159446,7.668992
22,G,-2.160017,0.207501,6.978695
23,T,0.272278,0.135464,7.708128
24,T,1.169492,0.10337,7.52997
25,C,0.677089,0.106697,7.381001
26,A,0.028976,0.117186,7.465353
27,A,-0.278446,0.091948,7.818493
28,A,-0.316994,0.087855,7.88534
29,A,-0.207977,0.087614,7.877307
30,A,-0.177266,0.091463,7.201461
31,A,-0.177593,0.092388,7.52403
32,A,-0.14657,0.095683,7.2409
33,A,-0.133464,0.097743,7.259796
34,A,-0.140536,0.099103,7.55688
35,A,-0.144622,0.104009,7.636278
36,A,-0.129649,0.126039,10.605576
37,A,-0.244511,0.165131,13.053932
38,A,-0.581469,0.277172,14.010041
39,A,0.289478,0.602707,12.111032
#Seq[10],,,,
pos,base,current,sd,dwell
0,A,0.033326,0.278479,0.599895
1,A,-0.04839,0.228273,1.285497
2,A,-0.211349,0.139044,4.227366
3,A,-0.218166,0.088776,7.501535
4,A,-0.170223,0.085134,6.691226
5,A,-0.172119,0.082455,8.439921
6,A,-0.127664,0.094879,6.674191
7,A,-0.157108,0.085688,8.642758
8,A,-0.165851,0.088566,6.870632
9,A,-0.119229,0.089143,7.356911
10,A,-0.044811,0.088695,8.418911
11,A,-0.259301,0.100929,9.320256
12,A,-0.732433,0.10834,10.807846
13,A,-0.159054,0.110834,9.234196
14,C,0.719111,0.158168,8.856195
15,G,-0.696459,0.169708,6.433808
16,T,0.912092,0.234114,8.626401
17,A,-0.56813,0.128399,9.203859
18,T,1.947512,0.182226,8.350633
19,C,0.37999,0.140647,7.482594
20,G,-1.176326,0.135689,8.079474
21,A,-0.432761,0.117423,7.86825
22,C,0.706348,0.145984,7.476564
23,G,-0.977047,0.14016,8.461493
24,G,-1.259739,0.147942,7.531448
25,T,0.887264,0.193263,7.566801
26,A,-0.062589,0.111836,7.120125
27,A,-0.198744,0.085737,7.776458
28,A,-0.324866,0.083055,7.679357
29,A,-0.241569,0.08459,7.707293
30,A,-0.181445,0.086196,7.208874
31,A,-0.180689,0.091457,7.355779
32,A,-0.153368,0.094519,7.17943
33,A,-0.139607,0.098561,7.215641
34,A,-0.149785,0.100548,7.3696
35,A,-0.150873,0.105384,7.665128
36,A,-0.129485,0.12793,10.856109
37,A,-0.240146,0.168469,13.081446
38,A,-0.575493,0.282651,13.722917
39,A,0.297133,0.613333,11.738062
#Seq[11],,,,
pos,base,current,sd,dwell
0,A,0.033621,0.277977,0.602836
1,A,-0.045282,0.224633,1.375344
2,A,-0.214413,0.137329,4.594311
3,A,-0.227998,0.087339,8.066479
4,A,-0.175377,0.084201,6.418362
5,A,-0.155722,0.085987,7.035659
6,A,-0.170167,0.089084,6.500984
7,A,-0.146205,0.086424,8.347579
8,A,-0.128248,0.092562,7.436711
9,A,-0.127576,0.086801,8.083706
10,A,-0.080355,0.08755,5.740095
11,A,-0.176904,0.083316,8.105989
12,A,-0.351734,0.097702,6.574393
13,A,-0.59133,0.100895,8.144833
14,G,-0.5545,0.115732,6.686468
15,C,0.171547,0.135318,6.613435
16,T,1.62545,0.151317,7.765791
17,C,0.538545,0.141675,6.921265
18,G,-1.253769,0.137983,8.029542
19,A,-1.320682,0.181271,7.640121
20,T,1.975659,0.21601,8.026552
21,C,0.510379,0.106907,8.43272
22,T,1.111202,0.159739,8.659707
23,A,-0.466719,0.126476,8.659245
24,A,0.008796,0.10665,8.000595
25,C,1.139315,0.136786,7.753819
26,A,0.138742,0.121324,7.650626
27,A,-0.24732,0.086876,7.930215
28,A,-0.338339,0.088001,7.866757
29,A,-0.240431,0.087164,7.839247
30,A,-0.173621,0.089701,7.502692
31,A,-0.180456,0.090333,7.659463
32,A,-0.143,0.092283,7.238876
33,A,-0.132674,0.094173,7.247572
34,A,-0.141443,0.095649,7.439077
35,A,-0.145439,0.100808,7.589325
36,A,-0.134308,0.122183,10.749052
37,A,-0.25316,0.159987,13.351386
38,A,-0.59696,0.269022,14.500808
39,A,0.27392,0.589854,12.580595
#Seq[12],,,,
pos,base,current,sd,dwell
0,A,0.034547,0.278306,0.59731
1,A,-0.045859,0.224547,1.358562
2,A,-0.206208,0.138719,4.444642
3,A,-0.210499,0.088658,7.837332
4,A,-0.146804,0.082276,7.441161
5,A,-0.164514,0.084772,7.669568
6,A,-0.148624,0.084943,9.403363
7,A,-0.115153,0.093325,7.963315
8,A,-0.153671,0.083254,9.086811
9,A,-0.116897,0.081646,8.619688
10,A,-0.103709,0.084532,9.69995
11,A,-0.223931,0.096291,12.240659
12,A,-0.795493,0.10628,9.677645
13,A,-1.30438,0.141851,11.501554
14,T,1.095017,0.136239,10.130704
15,T,0.923811,0.114631,9.199556
16,G,-0.5015,0.166597,8.418109
17,G,-2.024475,0.137799,8.049862
18,A,-1.203636,0.143774,7.012412
19,T,1.005516,0.23217,7.21922
20,G,-1.041927,0.135742,7.74824
21,A,-1.232339,0.123272,8.497443
22,T,1.134138,0.202038,8.62339
23,G,-0.106625,0.141615,8.807487
24,G,-1.029815,0.109495,9.573571
25,G,-1.425371,0.110889,8.162243
26,A,-0.993979,0.095803,6.938294
27,A,-0.412751,0.086909,7.100941
28,A,-0.254498,0.085113,7.522016
29,A,-0.207351,0.084175,7.80679
30,A,-0.155508,0.087425,7.235789
31,A,-0.136123,0.088641,7.264368
32,A,-0.124054,0.09363,7.068294
33,A,-0.11991,0.09904,7.196954
34,A,-0.136367,0.101415,7.345732
35,A,-0.144466,0.107806,7.640011
36,A,-0.121606,0.130623,10.853868
37,A,-0.235394,0.172236,13.124576
38,A,-0.566525,0.288681,13.625396
39,A,0.30985,0.620555,11.48182
#Seq[13],,,,
pos,base,current,sd,dwell
0,A,0.033037,0.277618,0.592066
1,A,-0.047015,0.224339,1.357346
2,A,-0.209888,0.139164,4.440665
3,A,-0.221579,0.089886,7.308129
4,A,-0.164301,0.085384,6.019871
5,A,-0.164481,0.088447,5.995625
6,A,-0.137526,0.089639,7.578802
7,A,-0.125172,0.091749,8.203193
8,A,-0.144056,0.087297,8.666618
9,A,-0.105348,0.084805,8.778255
10,A,-0.094103,0.081779,7.734948
11,A,-0.237051,0.094234,10.011845
12,A,-0.824779,0.103766,10.862071
13,A,-1.381448,0.143436,9.352305
14,T,0.809384,0.153847,7.701826
15,T,1.31674,0.125694,7.05654
16,C,0.632692,0.089665,8.231751
17,C,0.448667,0.085743,8.103238
18,G,-0.666088,0.133545,8.036291
19,G,-1.488213,0.129294,8.152348
20,G,-0.52406,0.12387,7.394613
21,C,0.550626,0.149028,8.400403
22,A,-0.895968,0.139869,8.439648
23,G,-1.940014,0.17755,8.478764
24,T,0.882611,0.136646,8.204892
25,T,1.006332,0.122039,7.280418
26,A,0.091617,0.109849,7.206066
27,A,-0.175501,0.090535,7.545316
28,A,-0.324915,0.087532,7.621841
29,A,-0.253605,0.087197,7.651578
30,A,-0.202122,0.092081,7.337307
31,A,-0.183462,0.094561,7.453598
32,A,-0.148246,0.096622,7.289562
33,A,-0.130029,0.099544,7.16392
34,A,-0.132442,0.100212,7.318568
35,A,-0.131418,0.104696,7.653851
36,A,-0.118333,0.125859,10.692166
37,A,-0.232583,0.165661,13.013855
38,A,-0.57922,0.278464,13.972507
39,A,0.290596,0.607194,12.043527
#Seq[14],,,,
pos,base,current,sd,dwell
0,A,0.035753,0.2781,0.597331
1,A,-0.041336,0.224217,1.390313
2,A,-0.203404,0.139998,4.308546
3,A,-0.217384,0.087412,8.159301
4,A,-0.164207,0.084389,6.361363
5,A,-0.172803,0.082856,8.244082
6,A,-0.142986,0.090406,7.827089
7,A,-0.14927,0.085964,8.198358
8,A,-0.156948,0.084483,7.140218
9,A,-0.141019,0.084686,8.726746
10,A,-0.067144,0.088294,8.108117
11,A,-0.246354,0.105182,7.631184
12,A,-0.811001,0.097286,7.574184
13,A,-0.622578,0.106736,9.367127
14,T,1.421797,0.214268,9.570248
15,G,-0.206641,0.198545,7.68153
16,A,-1.509695,0.115398,9.622429
17,A,-1.060824,0.138757,8.578312
18,T,1.916485,0.227841,9.211092
19,C,0.269134,0.171326,9.20646
20,G,-1.775424,0.195379,9.401828
21,T,0.402124,0.144184,8.53678
22,T,1.231044,0.120749,6.88559
23,C,0.453263,0.10496,7.890575
24,G,-0.580263,0.125344,7.736143
25,G,-1.287545,0.116986,6.271164
26,A,-1.04413,0.100276,6.218516
27,A,-0.440533,0.08786,6.939766
28,A,-0.255156,0.086578,7.667116
29,A,-0.237533,0.082377,7.896511
30,A,-0.193554,0.085378,7.390732
31,A,-0.176152,0.0873,7.429536
32,A,-0.147416,0.092025,7.173942
33,A,-0.134942,0.097081,7.19931
34,A,-0.15453,0.099337,7.355529
35,A,-0.161483,0.10554,7.576375
36,A,-0.135541,0.127933,10.770041
37,A,-0.24758,0.168576,13.209351
38,A,-0.579435,0.282457,13.859251
39,A,0.296667,0.610512,11.740828
#Seq[15],,,,
pos,base,current,sd,dwell
0,A,0.035702,0.278253,0.609701
1,A,-0.048498,0.229188,1.255016
2,A,-0.217153,0.140525,4.053516
3,A,-0.219408,0.090034,6.671649
4,A,-0.163913,0.084052,6.956588
5,A,-0.181439,0.083948,7.86828
6,A,-0.131088,0.087879,8.238901
7,A,-0.139752,0.087402,8.233708
8,A,-0.163453,0.084094,8.57503
9,A,-0.116538,0.08527,8.85688
10,A,-0.051628,0.092507,7.487572
11,A,-0.268085,0.099635,8.603819
12,A,-0.76842,0.117807,9.290244
13,A,-0.062373,0.115657,8.402975
14,C,1.185127,0.160607,6.144097
15,A,-0.543681,0.14791,7.920977
16,G,-1.435897,0.146219,7.984741
17,A,-0.564115,0.128615,8.274267
18,C,0.473149,0.165932,8.482041
19,G,-1.799189,0.179895,8.305317
20,T,0.479065,0.137137,7.095963
21,T,1.2213,0.140818,6.292568
22,C,-0.012897,0.128306,7.609801
23,G,-1.295938,0.162402,9.408077
24,T,1.725802,0.179146,8.857214
25,C,0.781945,0.118714,8.052302
26,A,0.013714,0.113903,7.676542
27,A,-0.292654,0.090295,7.657288
28,A,-0.352374,0.086778,7.863069
29,A,-0.246261,0.08552,7.773066
30,A,-0.202945,0.092066,7.204568
31,A,-0.204571,0.090962,7.634653
32,A,-0.161041,0.093934,7.303062
33,A,-0.143904,0.097383,7.171728
34,A,-0.152213,0.098659,7.381043
35,A,-0.149524,0.103707,7.639718
36,A,-0.132138,0.125718,10.719963
37,A,-0.248993,0.164753,13.107921
38,A,-0.589229,0.276496,14.081027
39,A,0.283708,0.601709,12.115827
#Seq[16],,,,
pos,base,current,sd,dwell
0,A,0.034169,0.277375,0.611789
1,A,-0.044984,0.225073,1.373175
2,A,-0.210526,0.137216,4.701073
3,A,-0.223281,0.087951,8.002567
4,A,-0.16672,0.080538,7.874554
5,A,-0.157987,0.087393,7.133202
6,A,-0.170926,0.083461,9.134455
7,A,-0.127583,0.088773,8.251856
8,A,-0.168411,0.081745,10.641859
9,A,-0.142965,0.083915,9.693583
10,A,-0.096613,0.085408,8.950471
11,A,-0.129502,0.084698,9.774112
12,A,-0.384527,0.095241,9.142721
13,A,-0.632092,0.095244,11.039842
14,G,-0.400292,0.127635,6.769095
15,C,0.44085,0.138014,8.44323
16,G,-0.734472,0.130629,8.113867
17,T,0.935957,0.193173,8.643806
18,A,-0.270279,0.133993,9.802953
19,G,-1.265511,0.114927,8.788454
20,G,-2.053575,0.181772,9.01633
21,T,0.432482,0.117749,8.462684
22,T,0.602213,0.139356,8.224227
23,G,-0.753281,0.136353,9.490279
24,T,0.816274,0.168128,8.777483
25,G,-0.491316,0.145547,7.795734
26,A,-0.843835,0.102184,7.565285
27,A,-0.4321,0.087901,7.223327
28,A,-0.253501,0.086836,7.711424
29,A,-0.213658,0.085903,7.80262
30,A,-0.175871,0.089968,7.171772
31,A,-0.160527,0.091007,7.387716
32,A,-0.135199,0.094684,7.117495
33,A,-0.116152,0.098744,7.133409
34,A,-0.139414,0.099615,7.298838
35,A,-0.147736,0.105763,7.628425
36,A,-0.124344,0.128119,10.699934
37,A,-0.237026,0.168855,13.053338
38,A,-0.576995,0.283218,13.851865
39,A,0.29765,0.612277,11.744406
